id,name,type,aliases,description,domain,romanName,symbols,sacredAnimals,parentIds,childrenIds,sourceIds,notes
deity_zeus_001,Zeus,DEITY,"Jupiter, Dias, Zeu",King of gods and men, god of thunder and justice,Thunder|Sky|Justice|Law|Authority,Jupiter,Lightning bolt|Eagle|Oak tree,Eagle|Bull|Swan,deity_cronus_001|deity_rhea_001,"deity_athena_001|deity_apollo_001|deity_artemis_001|deity_ares_001|deity_hephaestus_001|deity_aphrodite_001|deity_hermes_001|deity_dionysus_001|deity_helen_001|deity_perseus_001|deity_heracles_001",src:theoi-zeus|src:homer-iliad|src:ovid-metamorphoses|src:hesiod-theogony,Youngest child of Cronus and Rhea. Ruler of Mount Olympus. Known for numerous affairs with goddesses and mortal women.
deity_hera_001,Hera,DEITY,"Juno, Here",Queen of gods and goddess of marriage and family,Marriage|Family|Motherhood|Women,Juno,Peacock|Pomegranate|Diadem,Peacock|Cow|Lion,deity_cronus_001|deity_rhea_001,"deity_ares_001|deity_hephaestus_001|deity_hebe_001|deity_eris_001",src:theoi-hera|src:homer-iliad|src:ovid-metamorphoses,Wife of Zeus. Protector of married women. Known for jealousy of Zeus's lovers. Queen of heaven.
deity_poseidon_001,Poseidon,DEITY,"Neptune, Ennosigaios",God of the sea earthquakes and horses,Sea|Earthquakes|Horses|Storms,Neptune,Trident|Horse|Dolphin,Horse|Bull|Dolphin,deity_cronus_001|deity_rhea_001,"deity_triton_001|deity_theseus_001|deity_polyphemus_001|deity_pegasus_001",src:theoi-poseidon|src:homer-iliad|src:ovid-metamorphoses|src:hesiod-theogony,Brother of Zeus. Known as the earth-shaker. Created the horse and caused earthquakes.
deity_demeter_001,Demeter,DEITY,"Ceres, Deo",Goddess of agriculture grain and harvest,Agriculture|Harvest|Grain|Nature|Fertility,Ceres,Wheat|Torch|Poppy,Serpent|Pig|Horse,deity_cronus_001|deity_rhea_001,deity_persephone_001,src:theoi-demeter|src:homer-hymn-to-demeter|src:ovid-metamorphoses,Sister of Zeus. Mother of Persephone. Caused the first winter when her daughter was abducted.
deity_athena_001,Athena,DEITY,"Minerva, Pallas",Goddess of wisdom warfare strategy and crafts,Wisdom|Warfare|Strategy|Crafts|Justice,Minerva,Olive tree|Owl|Spear|Shield,Owl|Snake|Dragon,deity_zeus_001,deity_erichthonius_001,src:theoi-athena|src:homer-iliad|src:ovid-metamorphoses|src:hesiod-theogony,Daughter of Zeus born from his head. Patron of Athens. Known for strategic warfare and wisdom.
deity_apollo_001,Apollo,DEITY,"Phoebus, Helios, Phoibos",God of the sun music prophecy and healing,Sun|Music|Prophecy|Healing|Light,Apollo,Lyre|Sun|Arrow|Laurel,Raven|Dolphin|Swan|Crow,deity_zeus_001|deity_leto_001,"deity_asclepius_001",src:theoi-apollo|src:homer-iliad|src:ovid-metamorphoses|src:hesiod-theogony,Son of Zeus and Leto. God of the sun with a golden chariot. Gave prophecies at Delphi.
deity_artemis_001,Artemis,DEITY,"Diana, Cynthia",Goddess of the hunt moon and virginity,Hunt|Moon|Wilderness|Virginity|Nature,Diana,Bow|Moon|Stag|Torch,Deer|Bear|Swan|Greyhound,deity_zeus_001|deity_leto_001,,src:theoi-artemis|src:homer-iliad|src:ovid-metamorphoses|src:hesiod-theogony,Daughter of Zeus and Leto. Twin sister of Apollo. Goddess of the hunt and protector of young women.
deity_ares_001,Ares,DEITY,"Mars, Enyalios",God of war violence and bloodlust,War|Violence|Bloodlust|Chaos|Weapons,Mars,Spear|Helmet|Boar|Dog|Vulture,Boar|Dog|Vulture|Snake,deity_zeus_001|deity_hera_001,"deity_fear_001|deity_panic_001",src:theoi-ares|src:homer-iliad|src:ovid-metamorphoses|src:hesiod-theogony,Son of Zeus and Hera. Represents brutal aspects of war contrasting with Athena's strategic warfare.
deity_hephaestus_001,Hephaestus,DEITY,"Vulcan, Hestia variant",God of fire metalworking and crafts,Fire|Metalworking|Crafts|Blacksmithing|Forge,Vulcan,Hammer|Anvil|Fire|Tongs,Donkey|Crane,deity_zeus_001|deity_hera_001|deity_aphrodite_001,,src:theoi-hephaestus|src:homer-iliad|src:ovid-metamorphoses|src:hesiod-theogony,Son of Zeus and Hera (or Hera alone). Blacksmith of the gods. Threw out of Olympus; settled in Lemnos.
deity_aphrodite_001,Aphrodite,DEITY,"Venus, Cypris, Anadyomene",Goddess of love beauty and sexuality,Love|Beauty|Sexuality|Pleasure|Desire,Venus,Rose|Dove|Mirror|Myrtle,Dove|Swan|Sparrow|Pigeon,deity_zeus_001|deity_dione_001,"deity_eros_001|deity_aeneas_001|deity_harmonia_001",src:theoi-aphrodite|src:homer-iliad|src:ovid-metamorphoses|src:hesiod-theogony,Goddess of love and beauty. Born from sea foam. Married to Hephaestus but lover of Ares.
deity_hermes_001,Hermes,DEITY,"Mercury, Thoth",God of messengers travelers merchants and thieves,Messengers|Travelers|Merchants|Thieves|Boundaries|Magic,Mercury,Caduceus|Winged shoes|Traveler's hat,Tortoise|Crane|Hawk,deity_zeus_001|deity_maia_001,"deity_pan_001",src:theoi-hermes|src:homer-iliad|src:ovid-metamorphoses|src:homer-hymn-to-hermes,Son of Zeus and Maia. Known as Thoth in Egyptian traditions. Guide of souls to the underworld.
deity_dionysus_001,Dionysus,DEITY,"Bacchus, Liber, Bromios",God of wine ecstasy theater and fertility,Wine|Ecstasy|Theater|Fertility|Madness|Celebration,Bacchus,Grapevine|Thyrsus|Mask|Leopard,Leopard|Tiger|Panther|Serpent,deity_zeus_001|deity_semele_001,,src:theoi-dionysus|src:homer-hymn-to-dionysus|src:ovid-metamorphoses|src:hesiod-theogony,Son of Zeus and mortal Semele. Only male Olympian god born of a mortal woman. God of wine and ecstasy.
deity_hestia_001,Hestia,DEITY,"Vesta",Goddess of the hearth home and family,Hearth|Home|Family|Domesticity|Fire,Vesta,Hearth fire|Candlestick|Domestic hearth,Donkey|Pig,deity_cronus_001|deity_rhea_001,,src:theoi-hestia|src:homer-hymn-to-hestia|src:hesiod-theogony,Eldest child of Cronus and Rhea. Goddess of the hearth. Chose peace over conflict; allowed Dionysus to take her seat.
deity_kronos_001,Kronos,DEITY,"Cronus, Saturn",King of the Titans god of agriculture and wealth,Agriculture|Wealth|Time|Harvest|Reign,Saturn,Sickle|Scythe|Horologium,Dragon|Serpent,deity_ouranos_001|deity_gaia_001,"deity_zeus_001|deity_hera_001|deity_poseidon_001|deity_demeter_001|deity_hestia_001|deity_hades_001",src:theoi-kronos|src:hesiod-theogony|src:ovid-metamorphoses,Son of Uranus and Gaia. Overthrown by Zeus. Imprisoned in Tartarus. Associated with golden age of mankind.
deity_hades_001,Hades,DEITY,"Pluto, Dis Pater, Pluton",God of the underworld the dead and wealth,Underworld|Death|Wealth|Shadows|The dead,Pluto,Scepter|Throne|Helm of Invisibility|Torch,Serpent|Dragon|Black horse|Screech owl,deity_cronus_001|deity_rhea_001,deity_persephone_001,src:theoi-hades|src:homer-odyssey|src:ovid-metamorphoses,Brother of Zeus and Poseidon. Ruler of the Underworld. Married to Persephone. Known as wealth god (valuable minerals).
deity_persephone_001,Persephone,DEITY,"Proserpina, Kore, Despoina",Goddess of spring vegetation and the underworld,Spring|Vegetation|Underworld|Rebirth|Agriculture,Proserpina,Pomegranate|Torch|Grain|Crocus,Serpent,deity_demeter_001|deity_hades_001,,src:theoi-persephone|src:homer-hymn-to-demeter|src:ovid-metamorphoses,Daughter of Demeter. Abducted by Hades. Spends half year in underworld; half on earth (explaining seasons).
deity_rhea_001,Rhea,DEITY,"Ops, Great Mother",Titaness and mother of the Olympian gods,Motherhood|Fertility|Nature|Strength|Protection,Ops,"Drum, Serpent, Pastoral crook",Serpent|Lion|Dragon,deity_ouranos_001|deity_kronos_001,"deity_zeus_001|deity_hera_001|deity_poseidon_001|deity_demeter_001|deity_hestia_001|deity_hades_001",src:theoi-rhea|src:hesiod-theogony|src:ovid-metamorphoses,Titaness daughter of Uranus and Gaia. Mother of the twelve Olympians. Associated with mother earth and fertility.
deity_ouranos_001,Ouranos,DEITY,"Uranus, Sky Father",Primordial god of the sky and heavens,Sky|Heaven|Fertility|Stars|Cosmos,Uranus,Starry Sky|Crown,Serpent|Dragon,deity_gaia_001,"deity_kronos_001|deity_rhea_001|deity_titans_001",src:theoi-ouranos|src:hesiod-theogony|src:ovid-metamorphoses,Primordial Titan. Father of the Titans. Castrated by Kronos. Associated with night sky and cosmic order.
deity_gaia_001,Gaia,DEITY,"Ge, Terra, Mother Earth",Primordial goddess of the earth and nature,Earth|Nature|Fertility|Creation|Life,Terra,Earth|Mountains|Cornucopia,Serpent|Dragon,deity_chaos_001,"deity_ouranos_001|deity_titans_001|deity_giants_001|deity_erinyes_001",src:theoi-gaia|src:hesiod-theogony|src:ovid-metamorphoses,Primordial goddess of the earth. Mother of the Titans. Represents the physical earth and nature itself.
deity_tethys_001,Tethys,DEITY,"Tethis",Titaness of fresh water and mother of river gods,Fresh water|Rivers|Springs|Nurturing|Motherhood,,Pitcher|Urn|Water,"Fish|Duck|Crane",deity_ouranos_001|deity_kronos_001,"deity_oceanids_001|deity_river_gods_001",src:theoi-tethys|src:hesiod-theogony|src:ovid-metamorphoses,Titaness daughter of Uranus and Gaia. Wife of Oceanus. Mother of the Oceanids and river gods. Goddess of fresh waters.
deity_oceanus_001,Oceanus,DEITY,"Ocean, Okeanós",Titan god of the ocean and water,Ocean|Water|Boundaries|Rivers|Fertility,,Pitcher|Urn|Wave,"Fish|Dolphin|Serpent",deity_ouranos_001|deity_kronos_001,"deity_oceanids_001|deity_river_gods_001",src:theoi-oceanus|src:hesiod-theogony|src:ovid-metamorphoses,Titan god of the ocean. Father of the Oceanids. Unlike Poseidon represents the oceanic waters themselves.
deity_iapetus_001,Iapetus,DEITY,"Iapetos",Titan god of mortality and the west,Mortality|Death|West|Mortality of man,,Scepter|Torch,Serpent,deity_ouranos_001|deity_kronos_001,"deity_prometheus_001|deity_epimetheus_001|deity_atlas_001",src:theoi-iapetus|src:hesiod-theogony|src:ovid-metamorphoses,Titan son of Uranus and Gaia. Father of Prometheus Epimetheus and Atlas. Associated with mortal death.
deity_themis_001,Themis,DEITY,"Themys, Justitia",Titaness of divine justice and law,Justice|Law|Order|Prophecy|Divine will,,Sword|Scales|Blindfold,"Serpent|Lion",deity_ouranos_001|deity_kronos_001,"deity_moirai_001|deity_horai_001",src:theoi-themis|src:hesiod-theogony|src:ovid-metamorphoses,Titaness of divine justice. Mother of the Fates and Seasons. Gave prophecies before Apollo at Delphi.
deity_mnemosyne_001,Mnemosyne,DEITY,"Mneme, Memory",Titaness of memory and mother of the muses,Memory|Arts|Music|Eloquence|Learning,,Tablet|Stylus|Scroll,"Serpent|Crane",deity_ouranos_001|deity_kronos_001|deity_zeus_001,"deity_muses_001",src:theoi-mnemosyne|src:hesiod-theogony|src:ovid-metamorphoses,Titaness daughter of Uranus and Gaia. Slept with Zeus for nine nights bearing the nine Muses. Goddess of memory.
deity_coeus_001,Coeus,DEITY,"Koios, Polus",Titan god of intelligence and knowledge,Intelligence|Knowledge|Wisdom|Intellect,,Pillar|Torch,Serpent,deity_ouranos_001|deity_kronos_001,"deity_leto_001",src:theoi-coeus|src:hesiod-theogony|src:ovid-metamorphoses,Titan son of Uranus and Gaia. Associated with intelligence and the axis of heaven. Father of Leto.
deity_phoebe_001,Phoebe,DEITY,"Phoibe, Phoebia",Titaness of bright intellect and moon,Intellect|Prophecy|Moon|Brightness|Gold,,Torch|Moon|Crown,"Raven|Swan",deity_ouranos_001|deity_kronos_001,deity_leto_001,src:theoi-phoebe|src:hesiod-theogony|src:ovid-metamorphoses,Titaness of bright intellect. Gave the gift of prophecy to Apollo. Grandmother of Apollo and Artemis.
deity_hyperion_001,Hyperion,DEITY,"Hyperíon, Light",Titan god of light and the sun,Light|Sun|Heaven|Radiance,,Torch|Sun,Serpent,deity_ouranos_001|deity_kronos_001,"deity_helios_001|deity_selene_001|deity_eos_001",src:theoi-hyperion|src:hesiod-theogony|src:ovid-metamorphoses,Titan son of Uranus and Gaia. Father of Helios Selene and Eos. Associated with divine light.
deity_helios_001,Helios,DEITY,"Sol, Helius, Hyperionides",Titan god of the sun,Sun|Light|Day|Vision|Divine truth,,Sun|Golden chariot|Crown,"Horse|Raven|Falcon",deity_hyperion_001|deity_theia_001,"deity_phaethon_001",src:theoi-helios|src:homer-odyssey|src:ovid-metamorphoses,Titan god of the sun. Rides golden chariot across sky daily. Later merged with Apollo. Witnessed all mortal deeds.
deity_selene_001,Selene,DEITY,"Luna, Mene",Titan goddess of the moon,Moon|Night|Dreams|Protection|Madness,,Moon|Crescent|Tiara,"Horse|Owl|Dragon",deity_hyperion_001|deity_theia_001,,src:theoi-selene|src:homer-odyssey|src:ovid-metamorphoses,Titan goddess of the moon. Rides silver chariot across night sky. Fell in love with mortal Endymion.
deity_eos_001,Eos,DEITY,"Aurora, Eos",Titan goddess of the dawn,Dawn|Morning light|Renewal|Resurrection,,Torch|Rose|Wings,"Horse|Dove|Swan",deity_hyperion_001|deity_theia_001,"deity_memnon_001",src:theoi-eos|src:homer-iliad|src:ovid-metamorphoses,Titan goddess of the dawn. Announces the sun's arrival daily. Mother of the winds and stars. Lover of mortal Tithonus.
deity_theia_001,Theia,DEITY,"Teia, Divine Radiance",Titaness of light and brightness,Light|Brightness|Radiance|Gold|Sight,,Torch|Halo|Crown,"Serpent|Eagle",deity_ouranos_001|deity_kronos_001,"deity_helios_001|deity_selene_001|deity_eos_001",src:theoi-theia|src:hesiod-theogony|src:ovid-metamorphoses,Titaness of divine radiance and light. Mother of Helios Selene and Eos. Personifies golden radiance.
deity_eros_001,Eros,DEITY,"Cupid, Amor, Erotes",God of love desire and sexual passion,Love|Desire|Sexual passion|Attraction|Procreation,Cupid,Bow|Arrow|Torch|Blindfold,Dove|Swan|Sparrow,deity_aphrodite_001,,src:theoi-eros|src:hesiod-theogony|src:ovid-metamorphoses,God of love. Appears as winged youth with bow and arrows. Son of Aphrodite (or Chaos and Night). Causes desire in gods and mortals.
deity_nike_001,Nike,DEITY,"Victory, Nike",Goddess of victory and success,Victory|Success|Triumph|Competition|Athletics,,Wreath|Crown|Wings,"Eagle|Dove",deity_styx_001||deity_zeus_001,,src:theoi-nike|src:hesiod-theogony|src:ovid-metamorphoses,Goddess of victory. Attendant of Zeus. Wings represent swift victory. Associated with athletic competitions.
deity_athena_nike_001,Athena Nike,DEITY,"Nike Samothrace",Variant of Athena emphasizing victory,Victory|Wisdom|Warfare|Strategy|Divine favor,,Owl|Spear|Shield|Wings,Owl|Eagle,deity_zeus_001,,src:theoi-athena-nike|src:homer-iliad,Athena in her role as bringer of victory. Distinct cult at Athens particularly regarding military victory.
deity_tyche_001,Tyche,DEITY,"Fortuna, Chance",Goddess of fortune fate and chance,Fortune|Fate|Luck|Destiny|Chance,,Cornucopia|Wheel|Rudder,Serpent,deity_oceanus_001|deity_tethys_001,,src:theoi-tyche|src:ovid-metamorphoses|src:hesiod-theogony,Goddess of chance and good fortune. Later associated with the prosperity of cities. Personifies randomness and luck.
deity_iris_001,Iris,DEITY,"Rainbow, Iris",Goddess of the rainbow and messenger of gods,Rainbow|Messages|Sky|Oaths|Communication,,Torch|Rainbow|Veil,"Dove|Swan",deity_thaumas_001|deity_electra_001,,src:theoi-iris|src:homer-iliad|src:ovid-metamorphoses,Goddess and messenger of the gods especially of Hera. Personifies the rainbow. Serves as mediator between divine and mortal realms.
deity_hebe_001,Hebe,DEITY,"Juventas, Youthfulness",Goddess of youth and rejuvenation,Youth|Rejuvenation|Youthfulness|Spring|Fertility,,Cup|Pitcher|Wreath,Eagle|Peacock|Dove,deity_zeus_001|deity_hera_001,,src:theoi-hebe|src:homer-iliad|src:hesiod-theogony,Daughter of Zeus and Hera. Cupbearer of the gods. Made Heracles immortal by giving him youth and vitality.
deity_eris_001,Eris,DEITY,"Discord, Discordia",Goddess of chaos discord and strife,Discord|Chaos|Strife|Conflict|Rivalry,,Apple (golden),Serpent,deity_nyx_001|deity_zeus_001|deity_hera_001,,src:theoi-eris|src:hesiod-theogony|src:homer-iliad,Goddess of discord. Threw golden apple causing Trojan War. Embodies rivalry and conflict among mortals.
deity_nemesis_001,Nemesis,DEITY,"Rhamnus, Retribution",Goddess of retribution and justice,Retribution|Justice|Balance|Consequences|Moderation,,Sword|Scales|Measuring rod,Serpent|Swan,deity_nyx_001||deity_zeus_001,,src:theoi-nemesis|src:hesiod-theogony|src:ovid-metamorphoses,Goddess of retribution and divine justice. Punishes hubris and excessive pride. Maintains cosmic balance.
deity_moirai_001,Moirai,DEITY,"Fates, Parcae",Goddesses of fate and destiny (Clotho Lachesis Atropos),Fate|Destiny|Threads of life|Inevitability,,Spindle|Scissors|Measuring rod|Loom,Serpent,deity_themis_001|deity_nyx_001,,src:theoi-moirai|src:hesiod-theogony|src:homer-odyssey,Three goddesses controlling human destiny. Clotho spins thread. Lachesis measures it. Atropos cuts it. Even Zeus respects their power.
deity_horai_001,Horai,DEITY,"Hours, Seasons, Horae",Goddesses of the seasons and natural order,Seasons|Order|Nature|Growth|Justice,,Torch|Wheat|Grape,Dove|Serpent,deity_themis_001|deity_zeus_001,,src:theoi-horai|src:hesiod-theogony|src:ovid-metamorphoses,Three goddesses representing order and seasons. Daughters of Themis. Guard the gates of Olympus and Underworld.
deity_nyx_001,Nyx,DEITY,"Night, Nox, Nukta",Primordial goddess of night and darkness,Night|Darkness|Sleep|Dreams|Prophecy,,Starry cloak|Dark veil|Wings,"Owl|Serpent|Raven",deity_chaos_001,"deity_eris_001|deity_nemesis_001|deity_sleep_001|deity_dream_001",src:theoi-nyx|src:hesiod-theogony|src:ovid-metamorphoses,Primordial goddess of night. Mother of Sleep Dreams and Strife. Even Zeus feared to anger her.
deity_hypnos_001,Hypnos,DEITY,"Somnus, Sleep",God of sleep and slumber,Sleep|Slumber|Rest|Dreams|Twilight,,Opium poppy|Torch|Wings,"Owl|Bird",deity_nyx_001,,src:theoi-hypnos|src:homer-iliad|src:ovid-metamorphoses,God of sleep. Lives in cave beneath earth. Brother of Death. Can put anyone to sleep including gods.
deity_morpheus_001,Morpheus,DEITY,"Morphée, Dreams",God of dreams and sleep,Dreams|Sleep|Visions|Nightmares|Prophecy,,Poppy|Wings|Pillow,"Butterfly|Raven|Owl",deity_hypnos_001,,src:theoi-morpheus|src:ovid-metamorphoses,God of dreams. Son of Hypnos (Sleep). Brings dreams to mortals. Shapes dreams with great skill.
deity_thanatos_001,Thanatos,DEITY,"Mors, Death",God of peaceful death,Death|Peaceful dying|Mortality|Eternal sleep|Darkness,,Sword|Torch|Wings,"Raven|Black wings",deity_nyx_001,,src:theoi-thanatos|src:homer-iliad|src:homer-odyssey|src:ovid-metamorphoses,God of death. Brings peaceful death to mortals when their time comes. Twin of Sleep (Hypnos).
deity_erinyes_001,Erinyes,DEITY,"Furies, Furiae, Eumenides",Goddesses of vengeance and punishment,Vengeance|Punishment|Curses|Justice|Filial duty,,Torch|Snake|Wings,Serpent|Hound,deity_gaia_001|deity_erebus_001,,src:theoi-erinyes|src:homer-odyssey|src:homer-iliad|src:aeschylus-oresteia,Three fearsome goddesses who punish oath-breakers murderers and the impious. Born from blood of Uranus.
deity_hephaestus_servants,Hephaestus Servants,DEITY,"Automates, Automatons",Servants and creations of Hephaestus,Craftwork|Service|Creation,,Tool|Armor|Metal,Serpent,deity_hephaestus_001,,src:theoi-automatons,Magical beings created by Hephaestus including Talos and bronze servants of the gods.
deity_pan_001,Pan,DEITY,"Faun, Faunus, Kernos",God of shepherds flocks forests and wild places,Shepherds|Flocks|Forests|Wild nature|Fertility|Panic,Faunus,Pipes|Caduceus|Goat leg,Goat|Serpent|Lamb,deity_hermes_001,,src:theoi-pan|src:homer-hymn-to-pan|src:ovid-metamorphoses,God of shepherds and wild nature. Half-goat half-human. Plays panpipes. Associated with panic and fear in wilderness.
deity_satyr_001,Satyrs,DEITY,"Satyrs, Seilenoi",Demigods of the forest and wild revelry,Forests|Wine|Revelry|Music|Sexuality,,Pipes|Wine cup|Phallus,Goat|Horse,deity_dionysus_001|deity_hermes_001,,src:theoi-satyrs|src:ovid-metamorphoses,Companions of Dionysus. Half-human half-animal creatures. Associated with wine music and wild nature.
deity_naiads_001,Naiads,DEITY,"Naiades, Water Nymphs",Nymphs of fresh water sources,Fresh water|Springs|Streams|Rivers|Fertility,,Pitcher|Water|Wreath,"Fish|Duck|Crane",deity_oceanus_001|deity_tethys_001,,src:theoi-naiads|src:hesiod-theogony|src:ovid-metamorphoses,Nymphs of streams springs and rivers. Daughters of Oceanus or Tethys. Known for their beauty and mischievous nature.
deity_dryads_001,Dryads,DEITY,"Dryades, Tree Nymphs",Nymphs of the forests and trees,Forests|Trees|Nature|Protection|Fertility,,Oak tree|Wreath|Vine,"Deer|Dove",deity_gaia_001,,src:theoi-dryads|src:ovid-metamorphoses|src:hesiod-theogony,Nymphs of trees and forests. Each dryad is connected to a specific tree. Represent nature's vitality and protection.
deity_nereid_001,Nereids,DEITY,"Naiades of sea, Sea Nymphs",Nymphs of the sea and ocean,Sea|Ocean|Water|Beauty|Protection,,Shells|Coral|Pearl,"Dolphin|Fish",deity_nereus_001,,src:theoi-nereids|src:homer-iliad|src:ovid-metamorphoses|src:hesiod-theogony,Fifty sea nymphs daughters of Nereus. Associated with serenity and protection of sailors. Live in Aegean Sea.
deity_nereus_001,Nereus,DEITY,"Old Man of the Sea, Néreus",Ancient sea god and father of the Nereids,Sea|Old age|Prophecy|Transformation|Wisdom,,Trident|Seaweed|Coral,"Fish|Dolphin|Serpent",deity_oceanus_001|deity_tethys_001,deity_nereid_001,src:theoi-nereus|src:homer-iliad|src:hesiod-theogony|src:ovid-metamorphoses,Ancient sea god. Can transform into any shape. Known for truthfulness and wisdom. Father of fifty Nereids.
deity_tethys_oceanus,Oceanus & Tethys,DEITY,"Primordial Waters",Titan deities of water and fresh water,Water|Primordial forces|Nature|Fertility,,Wave|Pitcher|Urn,"Fish|Dolphin|Crane",deity_ouranos_001|deity_kronos_001,"deity_oceanids_001|deity_river_gods_001",src:theoi-oceanus-tethys|src:hesiod-theogony,Primordial Titan couple representing oceanic and fresh waters respectively.
deity_amphitrite_001,Amphitrite,DEITY,"Queen of the Sea, Tethys variant",Queen of the sea and wife of Poseidon,Sea|Motherhood|Royalty|Protection|Fertility,,Crown|Trident|Coral|Shells,"Dolphin|Fish",deity_oceanus_001|deity_tethys_001,deity_triton_001,src:theoi-amphitrite|src:homer-odyssey|src:ovid-metamorphoses,Queen of the sea wife of Poseidon. Mother of Triton. Commands sea creatures and protects sailors.
deity_triton_001,Triton,DEITY,"Triton, Fish-tailed messenger",Messenger of the sea and son of Poseidon,Sea|Messages|Prophecy|Music|Guidance,,Conch shell|Trident|Seaweed,"Dolphin|Fish|Horse",deity_poseidon_001|deity_amphitrite_001,,src:theoi-triton|src:homer-iliad|src:ovid-metamorphoses,Son of Poseidon and Amphitrite. Part-human part-fish. Messenger of the sea. Calms or stirred up waves.
deity_asclepius_001,Asclepius,DEITY,"Aesculapius, Asklepios",God of medicine and healing,Medicine|Healing|Physicians|Snakes|Resurrection,Aesculapius,Serpent|Staff with serpent|Medicinal herbs,Serpent|Dog|Owl,deity_apollo_001,,src:theoi-asclepius|src:ovid-metamorphoses|src:pindar-pythian,Son of Apollo. God of medicine and healing. Known for bringing dead back to life (angered Zeus).
deity_hecate_001,Hecate,DEITY,"Hekataie, Crossroads goddess",Goddess of witchcraft crossroads and magic,Witchcraft|Crossroads|Magic|Protection|Prophecy|Underworld,,"Torch|Dagger|Key|Serpent|Red garment","Red dog|Owl|Serpent|Stag",deity_perses_001|deity_asteria_001|deity_zeus_001,,src:theoi-hecate|src:hesiod-theogony|src:ovid-metamorphoses,Goddess of witchcraft and magic. Guards crossroads. Guides travelers and protects households. Commands ghosts and demons.
deity_styx_001,Styx,DEITY,"River Styx, Oath goddess",Goddess of oaths and the river in Underworld,Oaths|Underworld|Rivers|Faithfulness|Binding,,"River|Oath|Water|Wings","Serpent|Heron",deity_oceanus_001|deity_tethys_001,deity_nike_001,src:theoi-styx|src:hesiod-theogony|src:homer-odyssey|src:ovid-metamorphoses,Titaness of the river Styx in Underworld. Oaths sworn on her waters are binding even to gods.
human_heracles_001,Heracles,HUMAN,"Hercules, Herkles, Alkides",Greatest hero of antiquity known for twelve labors,Strength|Courage|Heroism|Labor|Triumph|Divine union,Hercules,Lion skin|Club|Bow|Arrows,Lion|Bull|Boar,deity_zeus_001|deity_alcmene_001,"hero_theseus_001|hero_iason_001",src:theoi-heracles|src:homer-odyssey|src:ovid-metamorphoses|src:apollodorus-library,Son of Zeus and mortal Alcmene. Greatest hero of Greek mythology. Completed twelve seemingly impossible labors for king Eurystheus.
human_perseus_001,Perseus,HUMAN,"Perseas, Perseios",Hero who slew Medusa and saved Andromeda,Heroism|Courage|Monster slaying|Rescue|Divine heritage,,"Adamantine sickle|Shield|Winged sandals|Harpe","Eagle|Pegasus|Griffin",deity_zeus_001|deity_danae_001,"human_andromeda_001",src:theoi-perseus|src:ovid-metamorphoses|src:apollodorus-library,Son of Zeus and Danae. Slew Medusa using her reflection in his polished shield. Rescued Andromeda and married her.
human_theseus_001,Theseus,HUMAN,"Theseos, Theseus",King of Athens hero of multiple adventures,Heroism|Wisdom|Kingship|Adventure|Foundation,,"Sword|Shield|Sandals|Wreath","Horse|Bull|Crane",deity_poseidon_001|deity_aethra_001,"human_hippolytus_001|human_ariadne_001",src:theoi-theseus|src:ovid-metamorphoses|src:apollodorus-library|src:plutarch-theseus,Son of Poseidon or Aegeus. King of Athens. Slew Minotaur. Went on many adventures including journey to Trojan War.
human_jason_001,Jason,HUMAN,"Iason, Iasones",Leader of the Argonauts on quest for Golden Fleece,Leadership|Adventure|Questing|Heroism|Fate,,"Argonaut insignia|Sword|Sandals","Horse|Eagle",deity_zeus_001|deity_aeson_001|deity_medea_001,"human_medea_001",src:theoi-jason|src:ovid-metamorphoses|src:apollonius-argonautica,Leader of the Argonauts. Sailed on Argo seeking Golden Fleece. Married and loved Medea (who later betrayed him).
human_andromeda_001,Andromeda,HUMAN,"Andromedè, Chains",Princess of Ethiopia rescued by Perseus,Heroism|Rescue|Beauty|Sacrifice|Royalty,,"Chains|Crown|Pearl|Coral","Dolphin|Crane",human_cepheus_001|human_cassiopeia_001,human_perseus_001,src:theoi-andromeda|src:ovid-metamorphoses|src:apollodorus-library,Ethiopian princess sacrificed to sea monster Cetus. Rescued by Perseus with whom she had many children. Mother of Perseid dynasty.
human_medea_001,Medea,HUMAN,"Medée, Medea",Sorceress who helped Jason and later betrayed him,Sorcery|Passion|Betrayal|Revenge|Power|Magic,,Cup|Serpent|Dragon|Cauldron,Serpent|Dragon,deity_apollo_001|deity_helios_001|deity_hecate_001,,src:theoi-medea|src:ovid-metamorphoses|src:apollonius-argonautica|src:euripides-medea,Daughter of Helios and Oceanid. Powerful sorceress. Helped Jason win Golden Fleece but later killed their children in revenge.
human_achilles_001,Achilles,HUMAN,"Achilleus, Achileus, Pelides",Greatest Greek warrior of Trojan War,Warfare|Heroism|Pride|Strength|Immortality,,"Spear|Shield|Armor|Sword","Horse|Eagle",deity_thetis_001|deity_peleus_001,"human_neoptolemus_001",src:theoi-achilles|src:homer-iliad|src:ovid-metamorphoses,Son of Nereid Thetis and mortal Peleus. Invincible Greek warrior. Slew Hector. Died at Troy killed by Paris's arrow to heel.
human_hector_001,Hector,HUMAN,"Hektor, Hektor",Prince of Troy and greatest Trojan warrior,Warfare|Nobility|Duty|Heroism|Tragedy,,"Spear|Shield|Armor|Helmet","Horse|Eagle",deity_apollo_001|deity_hecuba_001,,src:theoi-hector|src:homer-iliad|src:ovid-metamorphoses,Prince of Troy. Greatest Trojan warrior. Killed by Achilles. Son of Priam and Hecuba. Dragged behind Achilles' chariot.
human_ajax_001,Ajax,HUMAN,"Aias, Ajax the Great",Great Greek warrior second only to Achilles,Warfare|Strength|Heroism|Pride|Suicide,,"Spear|Shield|Armor|Sword","Eagle|Lion",deity_poseidon_001|deity_telamon_001,,src:theoi-ajax|src:homer-iliad|src:ovid-metamorphoses,Son of Telamon. Strongest Greek after Achilles. Fought heroically at Troy. Later driven mad and committed suicide over arms of Achilles.
human_agamemnon_001,Agamemnon,HUMAN,"Agamemnón, Agamemnus",High king of Greece and leader of Greeks at Troy,Leadership|Kingship|Authority|Pride|Tragedy,,"Scepter|Crown|Sword|Shield","Eagle|Lion",deity_atreus_001,,src:theoi-agamemnon|src:homer-iliad|src:aeschylus-oresteia|src:ovid-metamorphoses,King of Mycenae and leader of Greek forces at Troy. Known for pride and arrogance. Murdered by his wife Clytemnestra.
human_menelaus_001,Menelaus,HUMAN,"Menelaos, Menelaus",King of Sparta and cause of Trojan War,Kingship|War|Betrayal|Recovery|Perseverance,,"Sword|Shield|Spear|Crown","Eagle|Horse",deity_zeus_001|deity_atreus_001,,src:theoi-menelaus|src:homer-iliad|src:homer-odyssey|src:ovid-metamorphoses,King of Sparta. Husband of Helen whose elopement with Paris caused Trojan War. Fought at Troy for ten years.
human_helen_001,Helen,HUMAN,"Helénè, Helen of Troy",Most beautiful woman in ancient world spark of Trojan War,Beauty|Desire|Kingship|Tragedy|War,,"Mirror|Torch|Crown|Wreath","Dove|Swan",deity_zeus_001|deity_leda_001|deity_aphrodite_001,,src:theoi-helen|src:homer-iliad|src:homer-odyssey|src:ovid-metamorphoses,Daughter of Zeus and Leda. Wife of Menelaus. Her elopement with Trojan prince Paris sparked Trojan War. Symbol of beauty and desire.
human_paris_001,Paris,HUMAN,"Alexandros, Paris",Trojan prince whose judgment led to Trojan War,War|Judgment|Passion|Tragedy|Prophecy,,"Bow|Arrow|Sword|Armor","Horse|Dove",deity_apollo_001|deity_hecuba_001,,src:theoi-paris|src:homer-iliad|src:ovid-metamorphoses,Son of King Priam of Troy. Judgment of beauty contest started Trojan War. Killed Achilles. Died at Troy.
human_odysseus_001,Odysseus,HUMAN,"Ulysses, Odusseus, Ulixes",Resourceful Greek hero of the odyssey,Cunning|Wisdom|Perseverance|Adventure|Survival,Ulysses,Bow|Sword|Spear|Armor,"Owl|Raven",deity_athena_001|deity_laertes_001,,src:theoi-odysseus|src:homer-odyssey|src:homer-iliad|src:ovid-metamorphoses,Son of Laertes or Sisyphus. Greek hero at Troy. Took 10 years to sail home to Ithaca. Known for cunning intelligence.
human_ajax_minor_001,Ajax the Lesser,HUMAN,"Aias of Locris, Little Ajax",Greek warrior from Locris,Warfare|Bravery|Sacrilege|Divine punishment,,"Spear|Shield|Armor|Sword","Eagle|Serpent",deity_athena_001|deity_oileus_001,,src:theoi-ajax-minor|src:homer-iliad|src:ovid-metamorphoses,Son of Oileus. Smaller less famous Ajax. Committed sacrilege in Athena's temple at Troy. Drowned by Athena in revenge.
human_patroclus_001,Patroclus,HUMAN,"Patróklos, Patroclus",Close companion of Achilles,Friendship|Loyalty|Heroism|Sacrifice|Love,,"Armor|Spear|Sword|Chariot","Horse|Eagle",deity_menoitios_001|deity_achilles_001,,src:theoi-patroclus|src:homer-iliad|src:ovid-metamorphoses,Companion and close friend of Achilles. Borrowed Achilles' armor and died in battle. His death drove Achilles to fury.
human_diomedes_001,Diomedes,HUMAN,"Diomédès, Diomedes",Greek warrior known for valor at Troy,Warfare|Bravery|Divine protection|Heroism,,"Spear|Shield|Armor|Sword","Horse|Eagle",deity_athena_001|deity_ares_001|deity_tydeus_001,,src:theoi-diomedes|src:homer-iliad|src:ovid-metamorphoses,Son of Ares or Tydeus. Brave Greek warrior at Troy. Wounded Aphrodite and Ares in battle. Journeyed extensively after Troy.
human_aeneas_001,Aeneas,HUMAN,"Aineías, Aeneas",Trojan hero who founded Rome,Heroism|Piety|Destiny|Survival|Foundation,Aeneas,Spear|Shield|Armor|Torch,Eagle|Dove,deity_aphrodite_001|deity_poseidon_001,,src:theoi-aeneas|src:ovid-metamorphoses|src:virgil-aeneid,Son of Aphrodite and Trojan hero. Escaped burning Troy carrying father on his back. Sailed to Italy founding Rome.
human_priam_001,Priam,HUMAN,"Príamos, Priamos",King of Troy at time of Trojan War,Kingship|Authority|Fatherhood|Tragedy|Nobility,,"Crown|Scepter|Robe|Torch","Eagle|Lion",deity_apollo_001,,src:theoi-priam|src:homer-iliad|src:ovid-metamorphoses,King of Troy during Trojan War. Father of Hector Paris and many other children. Killed by Achilles' son Neoptolemus.
human_hecuba_001,Hecuba,HUMAN,"Hekábè, Hecuba",Queen of Troy wife of Priam,Motherhood|Tragedy|Transformation|Grief|Royalty,,"Crown|Torch|Cloak|Veil","Dog|Serpent",deity_apollo_001|deity_priam_001,,src:theoi-hecuba|src:homer-iliad|src:ovid-metamorphoses|src:euripides-hecuba,Queen of Troy. Wife of Priam. Mother of Hector and Paris. After Troy's fall transformed into a dog (in some versions).
human_andromache_001,Andromache,HUMAN,"Andromaché, Andromache",Wife of Hector and mother of Astyanax,Motherhood|Loyalty|Tragedy|Grief|Endurance,,"Torch|Crown|Spindle|Wreath","Dove|Nightingale",deity_apollo_001|deity_hector_001,,src:theoi-andromache|src:homer-iliad|src:ovid-metamorphoses|src:euripides-andromache,Wife of Hector. Mother of Astyanax. After Troy's fall enslaved and given to Achilles' son Neoptolemus.
human_atalanta_001,Atalanta,HUMAN,"Atalántè, Atalanta",Swift-footed huntress,Speed|Hunting|Independence|Beauty|Competition,,"Bow|Arrow|Spear|Golden apple","Deer|Boar|Stag",deity_artemis_001|deity_ares_001,,src:theoi-atalanta|src:ovid-metamorphoses|src:apollodorus-library,Swift huntress participant in Argonaut expedition. Competed in foot races. Could not be beaten until suitor used golden apples to slow her.
human_ariadne_001,Ariadne,HUMAN,"Ariadní, Ariadne",Princess who helped Theseus escape Labyrinth,Help|Magic|Betrayal|Love|Transformation,,"Torch|Crown|Spindle|Ball of string","Dove|Crane",deity_minos_001|deity_dionysus_001,,src:theoi-ariadne|src:ovid-metamorphoses|src:homer-odyssey,Daughter of King Minos. Helped Theseus navigate Labyrinth by giving him ball of string. Later married Dionysus.
human_orestes_001,Orestes,HUMAN,"Oréstès, Orestes",Greek hero who avenged his father,Revenge|Justice|Madness|Suffering|Redemption,,"Sword|Spear|Armor|Torch","Eagle|Raven",deity_apollo_001|deity_agamemnon_001,,src:theoi-orestes|src:aeschylus-oresteia|src:euripides-orestes|src:ovid-metamorphoses,Son of Agamemnon. Avenged father by killing mother Clytemnestra. Pursued by Furies. Represented justice through revenge.
human_electra_001,Electra,HUMAN,"Eléktra, Electra",Daughter of Agamemnon devoted to avenging father,Revenge|Devotion|Loyalty|Suffering|Justice,,"Torch|Crown|Spindle|Wreath","Dove|Owl",deity_agamemnon_001|deity_clytemnestra_001,,src:theoi-electra|src:sophocles-electra|src:euripides-electra|src:aeschylus-oresteia,Daughter of Agamemnon and Clytemnestra. Devoted to avenging father's murder. Helped her brother Orestes get revenge.
human_cassandra_001,Cassandra,HUMAN,"Kassándra, Cassandra",Prophetess cursed never to be believed,Prophecy|Cursed sight|Tragedy|Warning|Wisdom,,"Torch|Crystal|Prophetic tablet|Wreath","Dove|Serpent|Owl",deity_apollo_001|deity_priam_001,,src:theoi-cassandra|src:homer-odyssey|src:homer-iliad|src:aeschylus-oresteia,Daughter of Priam. Cursed by Apollo to prophesy truth but never be believed. Tried to warn of Trojan Horse. Killed after Troy's fall.
human_medusa_001,Medusa,HUMAN-MONSTER,"Medousa, Gorgon",Once-beautiful woman turned into monstrous gorgon,Beauty|Curse|Monstrosity|Death|Prophecy,,"Serpent hair|Gaze of death|Severed head","Serpent|Dragon",deity_poseidon_001|deity_medusa_parents_001,,src:theoi-medusa|src:ovid-metamorphoses|src:apollo
dorus-library|src:hesiod-theogony,Once-beautiful woman. Cursed by Athena for affair with Poseidon. Transformed into gorgon with snakes for hair. Killed by Perseus.
human_hippolytus_001,Hippolytus,HUMAN,"Hippólytos, Hippolytus",Son of Theseus cursed by Aphrodite,Chastity|Curse|Betrayal|Death|Wrongful accusation,,"Spear|Chariot|Torch|Arrow","Horse|Stag",deity_aphrodite_001|deity_theseus_001,,src:theoi-hippolytus|src:euripides-hippolytus|src:ovid-metamorphoses,Son of Theseus and Amazon queen. Cursed by Aphrodite for rejecting her. Falsely accused and killed tragically.
monster_minotaur_001,Minotaur,MONSTER,"Asterion, Minotauros",Half-man half-bull creature,Monstrosity|Labyrinth|Sacrifice|Death|Chaos,,"Horns|Hooves|Bull features","Bull|Human hybrid",deity_poseidon_001|deity_pasiphae_001,,src:theoi-minotaur|src:ovid-metamorphoses|src:apollodorus-library,Half-man half-bull monstrosity. Kept in Labyrinth at Crete. Offspring of Pasiphae and sacred bull. Killed by Theseus.
monster_hydra_001,Hydra,MONSTER,"Lernean Hydra, Hydros",Multi-headed serpent with regenerating heads,Monstrosity|Regeneration|Poison|Chaos|Death,,"Multiple serpent heads|Poison venom","Serpent|Dragon|Hydra",deity_typhon_001|deity_echidna_001,,src:theoi-hydra|src:ovid-metamorphoses|src:apollodorus-library,Monstrous serpent with multiple heads. Killing one head caused two to grow back. Defeated by Heracles.
monster_chimera_001,Chimera,MONSTER,"Chímaira, Chimæra",Multi-headed fire-breathing creature,Monstrosity|Fire|Chaos|Death|Destruction,,"Lion head|Goat head|Serpent tail|Flame","Lion|Goat|Serpent|Dragon",deity_typhon_001|deity_echidna_001,,src:theoi-chimera|src:ovid-metamorphoses|src:apollo
dorus-library,Monstrous creature with lion goat and serpent parts. Fire-breathing. Killed by hero Bellerophon.
monster_cerberus_001,Cerberus,MONSTER,"Kerberos, Cerberus",Three-headed guard dog of Hades,Guardian|Underworld|Poison|Loyalty|Death,,"Three heads|Serpent tail|Chain|Mane","Dog|Serpent|Dragon",deity_typhon_001|deity_echidna_001|deity_hades_001,,src:theoi-cerberus|src:homer-odyssey|src:ovid-metamorphoses|src:apollo
dorus-library,Three-headed guard dog of Underworld. Guards entry to Hades' realm. One of Heracles' Twelve Labors to capture him.
monster_pegasus_001,Pegasus,MONSTER,"Pegasos, Pegasus",Winged horse divine steed,Divinity|Flight|Speed|Grace|Wisdom,,"Wings|Speed|Divine light","Horse|Eagle|Dove",deity_poseidon_001|deity_medusa_001,,src:theoi-pegasus|src:hesiod-theogony|src:ovid-metamorphoses|src:homer-odyssey,Divine winged horse born from Medusa's neck. Immortal. Carries heroes into battle. Later placed in sky as constellation.
monster_python_001,Python,MONSTER,"Pythóessa, Python",Serpent slain by Apollo,Monstrosity|Chaos|Serpent|Death|Oracle,,"Serpent body|Fangs|Scales","Serpent|Dragon",deity_typhon_001|deity_gaia_001,,src:theoi-python|src:ovid-metamorphoses|src:homer-hymn-to-apollo,Giant serpent or dragon. Guarded Oracle at Delphi. Slain by Apollo in one of his first great deeds. Later oracles conducted on site.
place_mount_olympus_001,Mount Olympus,PLACE,,Highest mountain of Greece home of the Olympian gods,Mountains|Divine realm|Home of gods|Sky|Heaven,,"Snow-capped peak|Palace|Throne|Temple","Eagle|Owl|Dove",deity_zeus_001,,src:theoi-mount-olympus|src:homer-iliad|src:hesiod-theogony,Highest mountain in Greece (2918m). Home of the 12 Olympian gods. Divine palace with eternal spring weather.
place_underworld_001,Underworld,PLACE,"Hades, Tartarus, Erebus",Realm of the dead ruled by Hades,Afterlife|Death|Underworld|Below earth|Darkness,,"Shadows|River|Throne|Gates","Serpent|Owl|Dragon|Raven",deity_hades_001,,src:theoi-underworld|src:homer-odyssey|src:ovid-metamorphoses|src:virgil-aeneid,Dark realm below earth ruled by Hades. Divided into Elysium (blessed souls) Tartarus (evil souls) and Asphodel (average souls).
place_troy_001,Troy,PLACE,"Ilium, Ilion, Troia",Ancient city in Asia Minor seat of Trojan War,War|Siege|Destruction|Legendary city|Heritage,,"Walls|Palace|Torch|Ruins","Horse|Eagle",human_priam_001,,src:theoi-troy|src:homer-iliad|src:virgil-aeneid,Ancient city in what is now Turkey. Site of the Trojan War. Besieged for 10 years by Greeks. Destroyed and rebuilt many times.
place_delphi_001,Delphi,PLACE,"Delphoi, Delphi",Site of Apollo's oracle the center of Greek world,Prophecy|Oracle|Divine will|Center|Sanctuary,,"Temple|Omphalos|Tripod|Laurel","Raven|Snake|Eagle|Dove",deity_apollo_001,,src:theoi-delphi|src:homer-odyssey|src:pausanias-description,Ancient sanctuary and oracle of Apollo. Considered center of ancient Greek world (omphalos). Source of prophecies for centuries.
place_labyrinth_001,Labyrinth,PLACE,"Labyrinthos, Maze",Elaborate maze on Crete housing the Minotaur,Maze|Prison|Monstrosity|Puzzle|Death,,"Walls|Passages|Center|String","Serpent|Bull|Human hybrid",deity_minos_001|deity_pasiphae_001,monster_minotaur_001,src:theoi-labyrinth|src:ovid-metamorphoses|src:apollo
dorus-library,Elaborate maze built by Daedalus to house Minotaur. Located on Crete. Theseus navigated it with Ariadne's thread.
place_tartarus_001,Tartarus,PLACE,"Tartaros, Deep pit",Deepest part of Underworld where titans imprisoned,Punishment|Imprisonment|Underworld|Chaos|Suffering,,"Pit|Walls|Darkness|Chains","Serpent|Dragon|Owl",deity_hades_001|deity_kronos_001,,src:theoi-tartarus|src:homer-odyssey|src:hesiod-theogony|src:ovid-metamorphoses,Deepest part of Underworld. Imprisoned Titans after their defeat. Contains worst punishments for wicked souls.
place_elysium_001,Elysium,PLACE,"Elysian Fields, Paradiso",Paradise in Underworld for blessed souls,Paradise|Afterlife|Reward|Peace|Blessed,,"Meadows|Palaces|Light|Temples","Dove|Nightingale|Swan",deity_persephone_001|deity_hades_001,,src:theoi-elysium|src:homer-odyssey|src:ovid-metamorphoses|src:virgil-aeneid,Blessed region of Underworld for virtuous and heroic souls. Eternal paradise with perfect weather and beauty.
place_athens_001,Athens,PLACE,"Athenae, Athens",Capital city of Greece patronized by Athena,Wisdom|Governance|Culture|Arts|Protection,,"Temples|Columns|Olive tree|Shield","Owl|Olive tree|Eagle",deity_athena_001,,src:theoi-athens|src:pausanias-description|src:homer-odyssey,Capital of Greece. Patronized by Athena. Center of art philosophy and democracy. Home to famous temples including Parthenon.
place_sparta_001,Sparta,PLACE,"Lacedaemon, Sparta",Military city-state of Greece ruled by Menelaus,Warfare|Military|Power|Kingship|Authority,,"Spear|Helmet|Sword|Crown","Eagle|Lion|Horse",deity_ares_001|deity_artemis_001,,src:theoi-sparta|src:pausanias-description|src:homer-odyssey,City-state in ancient Greece. Known for military prowess. Ruled by Menelaus. Rival to Athens in ancient Greece.
place_crete_001,Crete,PLACE,"Krete, Crete, Minoan",Large island home of King Minos and Labyrinth,Kingship|Civilization|Labyrinth|Seas|Bronze age,,"Palace|Labyrinth|Mountain|Sea","Bull|Serpent|Dolphin",deity_zeus_001|deity_poseidon_001|human_minos_001,place_labyrinth_001,src:theoi-crete|src:homer-odyssey|src:pausanias-description,Large Mediterranean island. Home of King Minos and Labyrinth. Advanced Minoan civilization. Center of mythology.
place_ithaca_001,Ithaca,PLACE,"Ithakè, Ithaca",Small island home of Odysseus,Home|Kingship|Return|Journey|Hearth,,"Rocky island|Palace|Olive tree|Mountain","Dove|Owl|Eagle",deity_poseidon_001|human_odysseus_001,,src:theoi-ithaca|src:homer-odyssey|src:pausanias-description,Small rocky island in Ionian Sea. Home of Odysseus. Hero spent 10 years trying to return there from Troy.
place_corinth_001,Corinth,PLACE,"Korinthos, Corinth",Ancient Greek city-state,Kingship|Trade|Commerce|Walls|Architecture,,"City walls|Harbor|Temple|Trading post","Eagle|Horse",deity_poseidon_001|deity_aphrodite_001,,src:theoi-corinth|src:pausanias-description|src:homer-odyssey,Ancient Greek city-state. Important trading hub. Ruled by various kings. Known for walls and harbors.
